Country Name,Country Code,1990,1991,1992,1993,1994,1995,1996,1997,1998,1999,2000,2001,2002,2003,2004,2005,2006,2007,2008,2009,2010,2011,2012,2013,2014,2015,2016,2017,2018,2019,2020
Afghanistan,AFG,50.331,50.999,51.641,52.256,52.842,53.398,53.924,54.424,54.906,55.376,55.841,56.308,56.784,57.271,57.772,58.29,58.826,59.375,59.93,60.484,61.028,61.553,62.054,62.525,62.966,63.377,63.763,64.13,64.486,64.833,..
Albania,ALB,71.836,71.803,71.802,71.86,71.992,72.205,72.495,72.838,73.208,73.587,73.955,74.288,74.579,74.828,75.039,75.228,75.423,75.646,75.912,76.221,76.562,76.914,77.252,77.554,77.813,78.025,78.194,78.333,78.458,78.573,..
Algeria,DZA,66.938,67.27,67.575,67.877,68.194,68.54,68.919,69.323,69.745,70.183,70.64,71.116,71.605,72.101,72.594,73.072,73.521,73.936,74.311,74.644,74.938,75.199,75.436,75.661,75.878,76.09,76.298,76.499,76.693,76.88,..
American Samoa,ASM,..,..,..,..,..,..,..,..,..,..,..,..,..,..,..,..,..,..,..,..,..,..,..,..,..,..,..,..,..,..,..
Andorra,AND,..,..,..,..,..,..,..,..,..,..,..,..,..,..,..,..,..,..,..,..,..,..,..,..,..,..,..,..,..,..,..
Angola,AGO,45.306,45.271,45.23,45.201,45.201,45.246,45.35,45.519,45.763,46.093,46.522,47.059,47.702,48.44,49.263,50.165,51.143,52.177,53.243,54.311,55.35,56.33,57.236,58.054,58.776,59.398,59.925,60.379,60.782,61.147,..
Antigua and Barbuda,ATG,71.52,71.765,72.006,72.247,72.489,72.732,72.977,73.222,73.465,73.705,73.94,74.171,74.395,74.613,74.821,75.019,75.204,75.376,75.535,75.683,75.823,75.956,76.087,76.218,76.349,76.483,76.617,76.752,76.885,77.016,..
Argentina,ARG,71.594,71.813,72.032,72.246,72.453,72.651,72.843,73.029,73.213,73.396,73.576,73.755,73.932,74.107,74.28,74.451,74.62,74.787,74.952,75.116,75.278,75.439,75.598,75.756,75.913,76.068,76.221,76.372,76.52,76.667,..
Armenia,ARM,67.879,67.87,67.99,68.218,68.538,68.938,69.404,69.912,70.434,70.944,71.409,71.8,72.112,72.348,72.513,72.626,72.716,72.815,72.946,73.118,73.331,73.572,73.82,74.056,74.273,74.467,74.64,74.797,74.945,75.087,..
Aruba,ABW,73.468,73.509,73.544,73.573,73.598,73.622,73.646,73.671,73.7,73.738,73.787,73.853,73.937,74.038,74.156,74.287,74.429,74.576,74.725,74.872,75.017,75.158,75.299,75.441,75.583,75.725,75.868,76.01,76.152,76.293,..
Australia,AUS,76.99463415,77.27560976,77.37804878,77.87804878,77.87804878,77.82926829,78.07804878,78.4804878,78.63170732,78.93170732,79.23414634,79.63414634,79.93658537,80.23902439,80.4902439,80.84146341,81.04146341,81.29268293,81.39512195,81.54390244,81.69512195,81.89512195,82.04634146,82.14878049,82.3,82.4,82.44878049,82.5,82.74878049,82.9,..
Austria,AUT,75.56829268,75.61707317,75.81707317,76.06829268,76.4195122,76.66829268,76.87073171,77.3195122,77.67073171,77.87560976,78.12682927,78.57560976,78.67804878,78.63170732,79.1804878,79.33170732,79.8804878,80.1804878,80.43170732,80.33170732,80.5804878,80.98292683,80.93658537,81.13658537,81.4902439,81.1902439,81.64146341,81.64390244,81.69268293,81.79268293,..
Azerbaijan,AZE,64.827,64.745,64.731,64.81,64.991,65.256,65.573,65.899,66.207,66.491,66.763,67.054,67.391,67.791,68.249,68.747,69.259,69.752,70.201,70.597,70.938,71.234,71.506,71.768,72.022,72.266,72.493,72.693,72.864,73.005,..
"Bahamas, The",BHS,70.199,70.518,70.807,71.061,71.276,71.451,71.589,71.698,71.786,71.858,71.914,71.954,71.977,71.986,71.988,71.987,71.988,71.998,72.022,72.067,72.144,72.263,72.424,72.62,72.847,73.088,73.329,73.554,73.752,73.918,..
Bahrain,BHR,72.39,72.598,72.803,73.006,73.209,73.413,73.619,73.826,74.033,74.239,74.44,74.635,74.822,74.999,75.167,75.326,75.478,75.625,75.77,75.913,76.057,76.2,76.342,76.484,76.624,76.762,76.899,77.032,77.163,77.292,..
Bangladesh,BGD,58.21,58.891,59.618,60.388,61.19,62.002,62.798,63.553,64.25,64.881,65.447,65.956,66.43,66.886,67.331,67.773,68.213,68.648,69.072,69.485,69.881,70.256,70.606,70.93,71.231,71.514,71.785,72.052,72.32,72.591,..
Barbados,BRB,74.704,74.892,75.101,75.332,75.583,75.852,76.131,76.41,76.68,76.933,77.162,77.362,77.534,77.682,77.808,77.915,78.009,78.097,78.184,78.272,78.364,78.456,78.547,78.633,78.717,78.801,78.888,78.981,79.081,79.19,..
Belarus,BLR,70.83658537,70.37804878,70.02195122,68.97073171,68.76829268,68.46097561,68.51219512,68.46097561,68.40731707,67.90731707,68.91219512,68.50731707,68.05609756,68.55365854,68.95609756,68.85121951,69.40487805,70.20731707,70.45609756,70.40731707,70.40487805,70.55365854,71.96585366,72.47073171,72.97073171,73.62439024,73.82682927,74.12926829,74.17560976,74.22682927,..
Belgium,BEL,76.05195122,76.19219512,76.35121951,76.34536585,76.69170732,76.84073171,77.18731707,77.37073171,77.47317073,77.6195122,77.72195122,77.97317073,78.07560976,78.12926829,78.87804878,78.9804878,79.3804878,79.78292683,79.6804878,80.03414634,80.18292683,80.58536585,80.38536585,80.58780488,81.28780488,80.99268293,81.43902439,81.49268293,81.59512195,81.74634146,..
Belize,BLZ,71.242,70.996,70.662,70.268,69.845,69.439,69.1,68.858,68.734,68.734,68.847,69.04,69.272,69.511,69.749,69.998,70.286,70.636,71.059,71.541,72.057,72.57,73.044,73.452,73.782,74.034,74.219,74.365,74.496,74.623,..
Benin,BEN,53.812,54.366,54.776,55.042,55.174,55.203,55.17,55.133,55.139,55.218,55.391,55.668,56.025,56.436,56.887,57.355,57.817,58.255,58.654,59.009,59.318,59.59,59.842,60.092,60.345,60.608,60.885,61.174,61.47,61.771,..
Bermuda,BMU,..,74.0295122,..,..,..,..,..,..,..,..,77.88536585,77.88536585,78.08780488,78.33414634,78.48536585,78.68536585,78.88780488,78.93414634,79.23658537,79.38843902,79.28853659,81.15268293,81.67780488,80.57243902,80.79731707,81.01219512,81.22707317,81.44195122,81.65170732,81.86658537,..
Bhutan,BTN,52.878,53.633,54.384,55.131,55.878,56.636,57.418,58.236,59.089,59.974,60.884,61.808,62.728,63.624,64.483,65.289,66.031,66.709,67.325,67.882,68.384,68.84,69.263,69.662,70.046,70.419,70.781,71.129,71.46,71.777,..
Bolivia,BOL,56.099,56.721,57.351,57.989,58.631,59.276,59.922,60.566,61.204,61.835,62.452,63.054,63.64,64.21,64.766,65.312,65.853,66.395,66.937,67.476,68.007,68.521,69.01,69.468,69.891,70.277,70.626,70.945,71.239,71.513,..
Bosnia and Herzegovina,BIH,70.877,70.645,70.577,70.725,71.093,71.645,72.307,72.976,73.569,74.05,74.403,74.637,74.803,74.941,75.068,75.198,75.342,75.498,75.665,75.844,76.031,76.219,76.401,76.569,76.723,76.865,76.998,77.128,77.262,77.401,..
Botswana,BWA,59.191,58.232,57.219,56.222,55.284,54.41,53.572,52.749,51.947,51.214,50.629,50.281,50.232,50.518,51.15,52.13,53.435,54.983,56.679,58.447,60.211,61.91,63.511,64.976,66.265,67.338,68.178,68.812,69.275,69.592,..
Brazil,BRA,66.343,66.742,67.141,67.539,67.932,68.318,68.695,69.061,69.419,69.769,70.116,70.462,70.813,71.17,71.531,71.896,72.26,72.618,72.966,73.3,73.619,73.921,74.209,74.483,74.745,74.994,75.23,75.456,75.672,75.881,..
British Virgin Islands,VGB,..,..,..,..,..,..,..,..,..,..,..,..,..,..,..,..,..,..,..,..,..,..,..,..,..,..,..,..,..,..,..
Brunei Darussalam,BRN,70.185,70.439,70.696,70.951,71.207,71.465,71.727,71.994,72.265,72.538,72.809,73.076,73.332,73.575,73.801,74.006,74.189,74.351,74.494,74.623,74.74,74.852,74.962,75.075,75.193,75.318,75.45,75.585,75.722,75.86,..
Bulgaria,BGR,71.64146341,71.56097561,71.49439024,71.34682927,71.20878049,71.05341463,70.89731707,70.35121951,71.06097561,71.41219512,71.66341463,71.76829268,71.86585366,72.06585366,72.56341463,72.56097561,72.61219512,72.66341463,72.96341463,73.41219512,73.51219512,74.16341463,74.31463415,74.86097561,74.46585366,74.61463415,74.81219512,74.81463415,74.96341463,74.91463415,..
Burkina Faso,BFA,49.454,49.409,49.374,49.36,49.38,49.445,49.557,49.713,49.914,50.168,50.489,50.893,51.384,51.956,52.602,53.31,54.063,54.841,55.618,56.377,57.096,57.761,58.374,58.937,59.45,59.919,60.354,60.768,61.174,61.577,..
Burundi,BDI,47.829,47.522,47.212,46.953,46.786,46.758,46.905,47.226,47.708,48.339,49.091,49.93,50.81,51.69,52.547,53.369,54.163,54.944,55.721,56.488,57.228,57.925,58.568,59.148,59.665,60.123,60.528,60.898,61.247,61.584,..
Cabo Verde,CPV,64.676,64.992,65.298,65.598,65.899,66.224,66.596,67.026,67.512,68.041,68.583,69.099,69.557,69.932,70.219,70.424,70.565,70.676,70.786,70.911,71.062,71.243,71.445,71.661,71.886,72.117,72.347,72.57,72.782,72.981,..
Cambodia,KHM,53.595,53.916,54.228,54.514,54.82,55.189,55.653,56.212,56.862,57.604,58.432,59.335,60.283,61.241,62.186,63.088,63.927,64.697,65.394,66.014,66.56,67.043,67.48,67.888,68.273,68.637,68.977,69.289,69.57,69.823,..
Cameroon,CMR,53.362,53.088,52.738,52.343,51.936,51.554,51.238,51.009,50.885,50.878,50.993,51.222,51.536,51.908,52.321,52.76,53.215,53.681,54.153,54.627,55.101,55.581,56.073,56.576,57.083,57.583,58.063,58.511,58.921,59.292,..
Canada,CAN,77.42195122,77.62195122,77.72439024,77.82439024,77.82682927,78.02926829,78.1804878,78.43170732,78.63414634,78.88536585,79.13658537,79.33902439,79.4902439,79.74146341,79.89268293,80.19268293,80.34390244,80.54390244,80.69512195,80.99512195,81.24634146,81.44878049,81.64878049,81.74878049,81.8,81.9,81.9,81.9,82.04878049,82.04878049,..
Cayman Islands,CYM,..,..,..,..,..,..,..,..,..,..,..,..,..,..,..,..,..,..,..,..,82.1902439,..,..,..,..,..,..,..,..,..,..
Central African Republic,CAF,49.104,48.728,48.267,47.731,47.143,46.53,45.922,45.353,44.857,44.461,44.19,44.061,44.063,44.182,44.413,44.744,45.158,45.636,46.161,46.719,47.312,47.95,48.638,49.371,50.129,50.881,51.593,52.24,52.805,53.283,..
Chad,TCD,47.019,47.108,47.187,47.265,47.345,47.426,47.498,47.559,47.61,47.657,47.713,47.789,47.9,48.057,48.27,48.549,48.907,49.335,49.82,50.346,50.89,51.424,51.928,52.386,52.789,53.137,53.438,53.712,53.977,54.239,..
Channel Islands,CHI,75.41,75.673,75.988,76.351,76.755,77.184,77.616,78.028,78.406,78.742,79.037,79.3,79.548,79.795,80.045,80.298,80.553,80.802,81.041,81.268,81.483,81.688,81.883,82.071,82.252,82.429,82.6,82.766,82.928,83.086,..
Chile,CHL,73.509,73.808,74.1,74.386,74.671,74.957,75.244,75.53,75.813,76.092,76.366,76.634,76.894,77.146,77.391,77.63,77.865,78.099,78.33,78.558,78.779,78.986,79.176,79.349,79.504,79.646,79.779,79.909,80.042,80.181,..
China,CHN,69.145,69.242,69.355,69.496,69.67,69.885,70.14,70.428,70.737,71.063,71.397,71.732,72.061,72.381,72.689,72.985,73.271,73.553,73.835,74.119,74.409,74.708,75.013,75.321,75.629,75.928,76.21,76.47,76.704,76.912,..
Colombia,COL,69.75,69.936,70.161,70.433,70.752,71.112,71.497,71.887,72.264,72.619,72.945,73.241,73.517,73.777,74.026,74.265,74.5,74.732,74.962,75.193,75.424,75.655,75.882,76.105,76.322,76.531,76.732,76.925,77.109,77.287,..
Comoros,COM,56.677,57.168,57.623,58.038,58.407,58.722,58.972,59.16,59.294,59.388,59.46,59.529,59.617,59.738,59.904,60.126,60.407,60.734,61.094,61.475,61.862,62.24,62.595,62.922,63.214,63.471,63.7,63.912,64.118,64.321,..
"Congo, Dem. Rep.",COD,49.043,49.225,49.311,49.302,49.22,49.111,49.04,49.066,49.233,49.557,50.041,50.667,51.385,52.144,52.917,53.675,54.401,55.091,55.743,56.35,56.909,57.427,57.914,58.381,58.828,59.254,59.655,60.026,60.368,60.681,..
"Congo, Rep.",COG,54.638,54.281,53.867,53.424,52.984,52.583,52.252,52.016,51.899,51.925,52.123,52.517,53.091,53.817,54.667,55.6,56.573,57.541,58.466,59.321,60.093,60.785,61.423,62.022,62.582,63.097,63.556,63.954,64.29,64.57,..
Costa Rica,CRI,75.654,75.844,76.028,76.211,76.394,76.579,76.765,76.948,77.124,77.293,77.452,77.601,77.74,77.871,77.996,78.117,78.239,78.362,78.491,78.626,78.769,78.919,79.074,79.234,79.398,79.565,79.738,79.914,80.095,80.279,..
Cote d'Ivoire,CIV,53.254,53.062,52.779,52.423,52.013,51.569,51.109,50.657,50.242,49.891,49.635,49.495,49.475,49.572,49.788,50.12,50.561,51.091,51.682,52.313,52.964,53.62,54.271,54.906,55.508,56.065,56.567,57.017,57.422,57.783,..
Croatia,HRV,72.1704878,72.18536585,71.24146341,71.52243902,71.80341463,72.08439024,72.36536585,72.49512195,72.31707317,72.64195122,72.80780488,74.51292683,74.71731707,74.61390244,75.5202439,75.24463415,75.83682927,75.70560976,75.91219512,76.16829268,76.47560976,76.77560976,76.92439024,77.12682927,77.47804878,77.27560976,78.02195122,77.82682927,78.07073171,78.42439024,..
Cuba,CUB,74.638,74.696,74.801,74.957,75.164,75.412,75.686,75.964,76.23,76.475,76.699,76.905,77.105,77.303,77.499,77.688,77.864,78.019,78.15,78.256,78.338,78.4,78.446,78.485,78.521,78.561,78.607,78.662,78.726,78.802,..
Curacao,CUW,..,..,..,..,..,..,..,..,..,..,..,..,..,..,..,..,74.7097561,75.36341463,75.3097561,76.15609756,..,77.47317073,77.52439024,77.82682927,77.97560976,78.07560976,77.7195122,78.01707317,..,..,..
Cyprus,CYP,76.554,76.712,76.866,77.017,77.166,77.312,77.456,77.598,77.738,77.875,78.009,78.139,78.264,78.385,78.506,78.63,78.764,78.91,79.071,79.245,79.43,79.621,79.812,79.999,80.178,80.35,80.513,80.672,80.828,80.982,..
Czech Republic,CZE,71.38390244,71.89829268,72.27170732,72.76780488,72.97268293,73.07487805,73.71463415,73.82487805,74.51463415,74.66829268,74.96829268,75.17317073,75.22195122,75.17073171,75.72195122,75.92439024,76.52439024,76.72439024,76.97560976,77.07804878,77.42439024,77.87317073,78.07560976,78.17560976,78.82439024,78.57804878,79.02682927,78.97804878,79.02926829,79.12926829,..
Denmark,DNK,74.80536585,75.15780488,75.19414634,75.11682927,75.37512195,75.21268293,75.59146341,75.94512195,76.13902439,76.34146341,76.59268293,76.79268293,76.89512195,77.14390244,77.49268293,77.84390244,78.09512195,78.19512195,78.44634146,78.59756098,79.1,79.8,80.05121951,80.3,80.7,80.70243902,80.85365854,81.10243902,80.95365854,81.20243902,..
Djibouti,DJI,56.678,56.831,56.943,57.017,57.056,57.065,57.05,57.022,56.998,56.992,57.022,57.1,57.235,57.427,57.682,57.991,58.34,58.719,59.124,59.561,60.062,60.667,61.395,62.239,63.171,64.136,65.064,65.893,66.582,67.112,..
Dominica,DMA,..,..,73.95121951,..,..,..,..,75.95121951,..,..,..,..,76.59756098,..,..,..,..,..,..,..,..,..,..,..,..,..,..,..,..,..,..
Dominican Republic,DOM,66.574,66.932,67.272,67.591,67.887,68.164,68.425,68.677,68.925,69.175,69.429,69.69,69.957,70.227,70.499,70.771,71.041,71.304,71.559,71.806,72.046,72.284,72.523,72.763,73.003,73.241,73.471,73.689,73.892,74.081,..
Ecuador,ECU,68.899,69.347,69.777,70.189,70.587,70.972,71.348,71.716,72.075,72.425,72.761,73.078,73.371,73.641,73.887,74.112,74.319,74.514,74.705,74.895,75.089,75.289,75.495,75.707,75.923,76.143,76.365,76.584,76.8,77.01,..
"Egypt, Arab Rep.",EGY,64.572,64.978,65.392,65.831,66.298,66.779,67.249,67.68,68.051,68.357,68.602,68.796,68.961,69.116,69.271,69.434,69.608,69.788,69.971,70.159,70.349,70.543,70.736,70.928,71.117,71.302,71.482,71.656,71.825,71.99,..
El Salvador,SLV,64,64.858,65.617,66.273,66.824,67.277,67.651,67.978,68.284,68.581,68.875,69.162,69.432,69.68,69.908,70.124,70.333,70.542,70.756,70.978,71.21,71.449,71.692,71.935,72.175,72.412,72.644,72.872,73.096,73.317,..
Equatorial Guinea,GNQ,48.775,49.229,49.708,50.2,50.694,51.184,51.659,52.112,52.538,52.93,53.279,53.581,53.84,54.064,54.263,54.449,54.638,54.842,55.07,55.329,55.622,55.945,56.288,56.642,57.001,57.359,57.713,58.061,58.402,58.735,..
Eritrea,ERI,49.588,50.04,50.545,51.1,51.696,52.316,52.938,53.548,54.137,54.707,55.273,55.864,56.5,57.191,57.932,58.707,59.487,60.243,60.952,61.602,62.193,62.732,63.238,63.726,64.201,64.664,65.111,65.538,65.941,66.321,..
Estonia,EST,69.47560976,69.37317073,68.86341463,67.9097561,66.5,67.54390244,69.61219512,69.8097561,69.35853659,70.06341463,70.41707317,70.25853659,70.90487805,71.31707317,71.9097561,72.56829268,72.69146341,72.81463415,73.77073171,74.82439024,75.42926829,76.22926829,76.32682927,77.14146341,77.03414634,77.5902439,77.64146341,78.09268293,78.24390244,78.49756098,..
Eswatini,SWZ,61.95,61.7,61.112,60.192,58.958,57.422,55.606,53.595,51.498,49.424,47.49,45.799,44.41,43.372,42.731,42.518,42.733,43.308,44.17,45.275,46.601,48.141,49.862,51.699,53.569,55.359,56.962,58.319,59.401,60.194,..
Ethiopia,ETH,47.099,47.504,47.911,48.344,48.81,49.303,49.81,50.32,50.835,51.366,51.941,52.595,53.349,54.211,55.174,56.223,57.334,58.467,59.581,60.645,61.627,62.505,63.281,63.961,64.547,65.048,65.482,65.872,66.24,66.597,..
Faroe Islands,FRO,76.16585366,76.41463415,76.61463415,76.86585366,77.11707317,77.36829268,77.57073171,77.82439024,78.02682927,78.2804878,78.43414634,78.63658537,78.83902439,78.9902439,79.1902439,79.44146341,79.6902439,79.94146341,80.13902439,80.38780488,80.63902439,80.88780488,81.0902439,81.34146341,81.59268293,81.84390244,82.04390244,82.29512195,82.49512195,82.74634146,..
Fiji,FJI,65.379,65.336,65.278,65.218,65.17,65.15,65.175,65.246,65.36,65.512,65.687,65.863,66.022,66.152,66.247,66.313,66.362,66.413,66.477,66.559,66.655,66.759,66.859,66.95,67.03,67.103,67.175,67.252,67.341,67.444,..
Finland,FIN,74.81317073,75.22756098,75.45536585,75.70512195,76.39560976,76.4095122,76.69341463,76.87853659,77.09073171,77.29121951,77.46585366,77.96585366,78.1195122,78.36829268,78.71463415,78.81707317,79.21463415,79.26341463,79.56829268,79.7195122,79.87073171,80.47073171,80.62682927,80.97560976,81.1804878,81.4804878,81.42926829,81.63170732,81.73414634,81.78536585,..
France,FRA,76.6,76.84878049,77.1,77.3,77.64878049,77.75121951,77.95365854,78.30487805,78.60487805,78.75609756,79.05609756,79.15853659,79.26097561,79.11463415,80.16341463,80.16341463,80.81219512,81.11219512,81.21463415,81.41463415,81.66341463,82.11463415,81.96829268,82.2195122,82.7195122,82.32195122,82.57317073,82.57560976,82.72439024,82.57804878,..
French Polynesia,PYF,68.704,69.007,69.332,69.678,70.044,70.426,70.815,71.202,71.58,71.946,72.303,72.658,73.017,73.382,73.751,74.116,74.466,74.793,75.092,75.363,75.611,75.844,76.074,76.307,76.546,76.787,77.024,77.251,77.462,77.657,..
Gabon,GAB,60.965,60.944,60.833,60.659,60.439,60.175,59.854,59.479,59.066,58.646,58.264,57.968,57.791,57.759,57.885,58.181,58.641,59.229,59.904,60.637,61.4,62.168,62.924,63.648,64.318,64.913,65.418,65.839,66.187,66.467,..
"Gambia, The",GMB,52.221,52.528,52.834,53.157,53.508,53.889,54.296,54.715,55.133,55.547,55.956,56.359,56.761,57.159,57.553,57.939,58.313,58.671,59.012,59.334,59.637,59.917,60.178,60.426,60.667,60.91,61.166,61.44,61.735,62.05,..
Georgia,GEO,70.386,70.29,70.156,70.003,69.849,69.718,69.635,69.613,69.654,69.756,69.902,70.065,70.22,70.349,70.451,70.538,70.635,70.765,70.946,71.18,71.46,71.773,72.097,72.412,72.707,72.973,73.207,73.414,73.6,73.767,..
Germany,DEU,75.2277561,75.3195122,75.8195122,75.87073171,76.27073171,76.42195122,76.67317073,77.07317073,77.47560976,77.72682927,77.92682927,78.32926829,78.22926829,78.3804878,78.6804878,78.93170732,79.13170732,79.53414634,79.73658537,79.83658537,79.98780488,80.43658537,80.53902439,80.4902439,81.0902439,80.64146341,80.9902439,80.99268293,80.89268293,80.94146341,..
Ghana,GHA,56.776,57.182,57.462,57.605,57.62,57.528,57.366,57.187,57.045,56.972,57.002,57.158,57.425,57.785,58.225,58.719,59.234,59.741,60.216,60.645,61.03,61.381,61.72,62.064,62.416,62.772,63.124,63.463,63.78,64.074,..
Gibraltar,GIB,..,..,..,..,..,..,..,..,..,..,..,..,..,..,..,..,..,..,..,..,..,..,..,..,..,..,..,..,..,..,..
Greece,GRC,76.93902439,77.13658537,77.38292683,77.3902439,77.63902439,77.58536585,77.68536585,78.13658537,77.83902439,77.98780488,77.88780488,78.38780488,78.64146341,78.84146341,79.03902439,79.23902439,79.43902439,79.43902439,79.93902439,80.18780488,80.38780488,80.73170732,80.63414634,81.28536585,81.38536585,81.03658537,81.38780488,81.28780488,81.78780488,81.93902439,..
Greenland,GRL,65.06829268,65.03170732,65.19609756,65.58536585,65.90097561,65.64414634,65.76731707,65.79804878,66.15707317,66.40341463,66.96341463,67.60780488,68.16268293,68.43536585,68.80682927,69.22073171,69.51926829,69.98268293,70.21341463,70.46780488,70.85707317,71.06243902,71.29902439,71.8304878,71.53841463,71.24634146,70.84878049,70.62243902,..,..,..
Grenada,GRD,69.598,69.937,70.295,70.659,71.015,71.356,71.673,71.964,72.226,72.455,72.648,72.805,72.929,73.023,73.088,73.123,73.125,73.096,73.038,72.96,72.867,72.768,72.669,72.579,72.503,72.445,72.408,72.388,72.384,72.397,..
Guam,GUM,71.925,72.167,72.42,72.685,72.967,73.267,73.589,73.93,74.283,74.646,75.011,75.373,75.726,76.065,76.387,76.687,76.966,77.227,77.474,77.71,77.941,78.173,78.408,78.649,78.895,79.144,79.391,79.631,79.859,80.074,..
Guatemala,GTM,62.261,62.799,63.352,63.921,64.502,65.09,65.678,66.257,66.817,67.351,67.849,68.304,68.717,69.092,69.437,69.762,70.082,70.409,70.75,71.108,71.481,71.861,72.236,72.596,72.935,73.25,73.541,73.81,74.063,74.302,..
Guinea,GIN,49.987,50.593,51.066,51.413,51.64,51.744,51.727,51.616,51.456,51.295,51.203,51.255,51.484,51.901,52.499,53.238,54.052,54.864,55.614,56.279,56.861,57.387,57.905,58.447,59.016,59.598,60.17,60.706,61.185,61.602,..
Guinea-Bissau,GNB,47.095,47.411,47.726,48.038,48.348,48.658,48.973,49.301,49.642,49.999,50.368,50.744,51.123,51.501,51.883,52.275,52.691,53.136,53.612,54.113,54.628,55.144,55.645,56.117,56.556,56.959,57.328,57.673,58.003,58.322,..
Guyana,GUY,63.287,63.427,63.576,63.73,63.891,64.064,64.255,64.468,64.705,64.964,65.242,65.532,65.828,66.122,66.412,66.694,66.972,67.247,67.521,67.792,68.059,68.321,68.575,68.819,69.049,69.262,69.454,69.624,69.774,69.906,..
Haiti,HTI,54.265,54.58,54.894,55.209,55.523,55.829,56.121,56.393,56.648,56.891,57.131,57.382,57.655,57.959,58.292,58.652,59.028,59.408,59.782,60.148,60.511,60.879,61.26,61.658,62.069,62.485,62.896,63.29,63.66,64.001,..
Honduras,HND,66.723,67.175,67.605,68.028,68.45,68.871,69.284,69.676,70.041,70.378,70.689,70.976,71.249,71.511,71.77,72.026,72.285,72.544,72.803,73.061,73.317,73.569,73.814,74.051,74.278,74.495,74.701,74.898,75.088,75.27,..
"Hong Kong SAR, China",HKG,77.3804878,77.88292683,77.67804878,78.03170732,78.52926829,78.68292683,79.62682927,80.12682927,80.13170732,80.38292683,80.87804878,81.42439024,81.42682927,81.37804878,81.82926829,81.62926829,82.37560976,82.32682927,82.37560976,82.77560976,82.97804878,83.42195122,83.4804878,83.83170732,83.9804878,84.27804878,84.22682927,84.6804878,84.93414634,85.07804878,..
Hungary,HUN,69.31560976,69.37707317,69.11707317,69.10121951,69.4697561,69.79170732,70.32878049,70.70243902,70.55780488,70.67707317,71.24634146,72.24878049,72.34878049,72.3,72.64878049,72.64878049,73.09756098,73.15121951,73.70243902,73.90487805,74.20731707,74.85853659,75.06341463,75.56585366,75.76341463,75.56829268,76.06341463,75.81707317,76.06585366,76.02195122,..
Iceland,ISL,78.03634146,77.99195122,78.7602439,78.93463415,79.24707317,77.98439024,78.77780488,78.88536585,79.60243902,79.35121951,79.65365854,80.6902439,80.50243902,80.96341463,80.99756098,81.50243902,81.15853659,81.45365854,81.6097561,81.75121951,81.89756098,82.35853659,82.91707317,82.06097561,82.86097561,82.46829268,82.20487805,82.66097561,82.86097561,82.56097561,..
India,IND,57.865,58.353,58.851,59.349,59.84,60.32,60.783,61.233,61.669,62.093,62.505,62.907,63.304,63.699,64.095,64.5,64.918,65.35,65.794,66.244,66.693,67.13,67.545,67.931,68.286,68.607,68.897,69.165,69.416,69.656,..
Indonesia,IDN,62.32,62.727,63.131,63.529,63.919,64.291,64.637,64.954,65.244,65.513,65.772,66.037,66.321,66.631,66.969,67.334,67.717,68.105,68.485,68.853,69.205,69.542,69.866,70.179,70.481,70.768,71.035,71.282,71.509,71.716,..
"Iran, Islamic Rep.",IRN,63.837,65.153,66.243,67.137,67.84,68.377,68.791,69.139,69.471,69.813,70.176,70.553,70.921,71.265,71.592,71.917,72.257,72.626,73.027,73.457,73.905,74.352,74.776,75.162,75.502,75.796,76.047,76.271,76.479,76.677,..
Iraq,IRQ,66.011,66.653,67.191,67.668,68.089,68.446,68.731,68.936,69.06,69.108,69.082,68.983,68.827,68.636,68.437,68.266,68.157,68.13,68.19,68.34,68.567,68.848,69.148,69.437,69.7,69.929,70.122,70.294,70.454,70.604,..
Ireland,IRL,74.80909756,75.00526829,75.18095122,75.33612195,75.47680488,75.61756098,75.83170732,75.98536585,76.1804878,76.08292683,76.53658537,77.13414634,77.63414634,78.13902439,78.53902439,78.94390244,79.24146341,79.64146341,80.09512195,80.1902439,80.74390244,80.74634146,80.84634146,80.94878049,81.34878049,81.45365854,81.65365854,82.15609756,82.25609756,82.30243902,..
Isle of Man,IMN,..,..,..,..,76.52926829,..,..,..,..,..,..,..,77.96585366,..,..,..,..,..,..,..,..,..,..,..,..,..,..,..,..,..,..
Israel,ISR,76.60731707,76.75853659,76.50487805,77.15365854,77.40243902,77.45121951,78.10487805,78,78.14878049,78.65853659,78.95365854,79.40731707,79.45121951,79.64878049,80.14634146,80.15121951,80.55365854,80.50487805,80.95121951,81.40487805,81.60243902,81.65609756,81.70487805,82.05609756,82.15365854,82.05121951,82.40731707,82.55121951,82.80243902,82.80487805,..
Italy,ITA,76.97073171,77.0195122,77.4195122,77.72195122,77.92195122,78.17073171,78.52195122,78.82439024,78.97560976,79.42439024,79.77804878,80.12682927,80.22926829,79.98292683,80.7804878,80.78292683,81.28292683,81.43414634,81.48536585,81.63658537,82.03658537,82.18780488,82.23902439,82.6902439,83.0902439,82.54390244,83.24390244,82.94634146,83.34634146,83.19756098,..
Jamaica,JAM,73.204,73.485,73.727,73.918,74.053,74.133,74.167,74.172,74.164,74.152,74.142,74.139,74.14,74.142,74.146,74.148,74.143,74.129,74.103,74.071,74.038,74.012,74.001,74.01,74.042,74.098,74.175,74.267,74.368,74.475,..
Japan,JPN,78.83682927,79.10073171,79.15390244,79.29365854,79.68707317,79.53634146,80.2002439,80.42414634,80.50146341,80.57073171,81.07609756,81.41707317,81.56341463,81.76,82.0302439,81.92512195,82.32195122,82.50707317,82.58756098,82.93146341,82.84268293,82.59121951,83.09609756,83.33195122,83.58780488,83.79390244,83.98487805,84.0997561,84.21097561,84.35634146,..
Jordan,JOR,69.872,70.113,70.331,70.529,70.712,70.885,71.053,71.219,71.386,71.556,71.73,71.907,72.083,72.256,72.427,72.595,72.763,72.931,73.099,73.266,73.428,73.581,73.722,73.851,73.969,74.078,74.184,74.292,74.405,74.526,..
Kazakhstan,KAZ,68.33658537,67.6,67.4,65.4,64.9,63.5,63.6,64,64.5,65.63,65.45,65.76,65.95,65.74,66.06,65.86,66.15,66.34,67.11,68.39,68.45,68.69,69.52,70.62,71.44,71.97,72.41,72.95,73.15,73.18,..
Kenya,KEN,57.406,56.736,55.973,55.151,54.31,53.486,52.709,52.014,51.448,51.059,50.921,51.101,51.606,52.41,53.475,54.732,56.093,57.463,58.76,59.932,60.959,61.851,62.659,63.419,64.135,64.798,65.393,65.909,66.342,66.699,..
Kiribati,KIR,59.636,60.053,60.455,60.837,61.198,61.539,61.866,62.188,62.509,62.829,63.144,63.446,63.731,63.995,64.242,64.478,64.712,64.953,65.208,65.48,65.769,66.072,66.381,66.69,66.995,67.291,67.577,67.851,68.116,68.369,..
"Korea, Dem. People's Rep.",PRK,69.896,69.879,69.492,68.742,67.698,66.537,65.495,64.772,64.493,64.684,65.268,66.087,66.925,67.615,68.102,68.389,68.54,68.675,68.884,69.185,69.571,70.012,70.454,70.853,71.198,71.481,71.711,71.91,72.095,72.274,..
"Korea, Rep.",KOR,71.59756098,72.04634146,72.49756098,72.99756098,73.39756098,73.7,74.15121951,74.60243902,75.00487805,75.4097561,75.9097561,76.41219512,76.76585366,77.21463415,77.66585366,78.16829268,78.66829268,79.1195122,79.51707317,79.96829268,80.11707317,80.56829268,80.8195122,81.27073171,81.72195122,82.02439024,82.27560976,82.62682927,82.62682927,83.22682927,..
Kosovo,XKX,66.79512195,66.94390244,67.04390244,67.14390244,67.24390244,67.34390244,67.44390244,67.54390244,67.64390244,67.64390244,67.74390244,67.84390244,67.94390244,68.24390244,68.54390244,68.79268293,69.04390244,69.34390244,69.64390244,69.94390244,70.14390244,70.44390244,70.74390244,70.94390244,71.24390244,71.49512195,71.74390244,71.99512195,72.24390244,72.49512195,..
Kuwait,KWT,72.15,72.3,72.435,72.556,72.666,72.764,72.852,72.931,73.004,73.074,73.142,73.21,73.28,73.355,73.439,73.538,73.66,73.807,73.976,74.162,74.358,74.55,74.728,74.885,75.019,75.13,75.224,75.311,75.398,75.489,..
Kyrgyz Republic,KGZ,68.29756098,68.55121951,68.10243902,67.19268293,66.03902439,65.7902439,66.54390244,66.89268293,67.05121951,68.65609756,68.55853659,68.70731707,68.15609756,68.25609756,68.15365854,67.95609756,67.69512195,67.89512195,68.45121951,69.10243902,69.3,69.60243902,70.00243902,70.20243902,70.40243902,70.65121951,70.95121951,71.2,71.4,71.6,..
Lao PDR,LAO,53.364,53.799,54.258,54.753,55.285,55.851,56.44,57.04,57.637,58.225,58.803,59.372,59.937,60.502,61.065,61.625,62.182,62.731,63.271,63.797,64.306,64.797,65.267,65.717,66.144,66.546,66.924,67.277,67.61,67.923,..
Latvia,LVA,69.27317073,69.03243902,68.39609756,66.72268293,65.66439024,66.39121951,68.77658537,69.34926829,69.01219512,69.74292683,70.31463415,70.76097561,70.96097561,71.26585366,72.02682927,71.35609756,70.86585366,71.0195122,72.4195122,73.0804878,73.48292683,73.57560976,73.77804878,73.98292683,74.12439024,74.4804878,74.5804878,74.62926829,74.78292683,75.23902439,..
Lebanon,LBN,70.266,70.584,70.929,71.3,71.699,72.125,72.576,73.046,73.528,74.017,74.507,74.999,75.488,75.969,76.432,76.865,77.26,77.609,77.911,78.161,78.36,78.507,78.611,78.683,78.732,78.768,78.8,78.833,78.875,78.93,..
Lesotho,LSO,59.837,59.464,58.868,58.05,57.022,55.782,54.334,52.728,51.034,49.328,47.691,46.197,44.898,43.845,43.083,42.658,42.595,42.854,43.384,44.146,45.1,46.207,47.416,48.663,49.891,51.038,52.059,52.947,53.705,54.331,..
Liberia,LBR,46.046,46.097,46.357,46.832,47.506,48.314,49.163,49.963,50.657,51.234,51.734,52.236,52.826,53.554,54.422,55.393,56.4,57.365,58.229,58.971,59.6,60.146,60.663,61.186,61.723,62.269,62.802,63.295,63.73,64.104,..
Libya,LBY,68.503,68.85,69.175,69.469,69.732,69.965,70.169,70.352,70.522,70.684,70.852,71.038,71.244,71.466,71.693,71.902,72.063,72.155,72.174,72.129,72.044,71.956,71.901,71.907,71.981,72.121,72.311,72.52,72.724,72.913,..
Liechtenstein,LIE,..,..,..,..,78.42195122,77.3902439,76.83658537,76.04634146,77.74634146,79.1097561,76.82682927,79.27560976,79.63658537,79.96097561,81.77073171,80.66829268,80.94878049,81.29512195,82.68292683,81.5,81.84146341,81.79268293,82.38292683,82.26097561,82.07317073,82.65609756,82.25853659,83.74634146,83.04146341,83.04146341,..
Lithuania,LTU,71.16073171,70.36414634,70.23439024,68.9104878,68.5302439,69.00634146,70.10804878,70.90902439,71.2195122,71.57073171,72.0195122,71.65853659,71.76097561,72.06097561,71.96097561,71.25365854,71.05609756,70.9,71.81219512,72.91463415,73.26829268,73.56341463,73.86341463,73.91463415,74.51707317,74.32195122,74.67073171,75.4804878,75.6804878,76.13414634,..
Luxembourg,LUX,75.01041463,75.46341463,75.77073171,75.71219512,76.37073171,76.51219512,76.5195122,76.8804878,77.01707317,77.77073171,77.87317073,77.82439024,77.96585366,77.72682927,79.12195122,79.43170732,79.28780488,79.38292683,80.53902439,80.63658537,80.63170732,80.98780488,81.39268293,81.8,82.22926829,82.29268293,82.68536585,82.09512195,82.29512195,82.44634146,..
"Macao SAR, China",MAC,77.296,77.607,77.926,78.253,78.588,78.925,79.256,79.573,79.872,80.15,80.407,80.645,80.87,81.089,81.304,81.523,81.748,81.981,82.22,82.462,82.704,82.938,83.158,83.361,83.543,83.707,83.854,83.989,84.118,84.244,..
Madagascar,MDG,51.003,51.595,52.278,53.022,53.808,54.616,55.43,56.239,57.028,57.782,58.485,59.129,59.717,60.256,60.752,61.212,61.65,62.079,62.509,62.944,63.388,63.836,64.28,64.713,65.133,65.539,65.931,66.311,66.681,67.041,..
Malawi,MWI,46.096,46.121,46.108,46.055,45.969,45.846,45.677,45.479,45.285,45.136,45.09,45.204,45.517,46.052,46.823,47.844,49.118,50.595,52.206,53.888,55.564,57.161,58.629,59.931,61.042,61.953,62.681,63.279,63.798,64.263,..
Malaysia,MYS,70.865,71.106,71.326,71.519,71.687,71.834,71.972,72.11,72.257,72.418,72.594,72.782,72.976,73.17,73.364,73.555,73.744,73.931,74.118,74.305,74.493,74.683,74.877,75.072,75.268,75.461,75.649,75.828,75.997,76.156,..
Maldives,MDV,61.529,62.413,63.302,64.185,65.059,65.923,66.784,67.644,68.501,69.348,70.173,70.964,71.708,72.399,73.034,73.612,74.138,74.621,75.073,75.499,75.905,76.293,76.664,77.018,77.36,77.691,78.013,78.325,78.627,78.921,..
Mali,MLI,45.746,46.076,46.305,46.445,46.52,46.573,46.658,46.823,47.103,47.515,48.069,48.758,49.54,50.373,51.224,52.057,52.839,53.553,54.193,54.756,55.251,55.701,56.135,56.578,57.036,57.509,57.987,58.452,58.893,59.306,..
Malta,MLT,76.78607317,77.08446341,77.35080488,77.5934878,77.81753659,77.2902439,77.34146341,77.73902439,77.58780488,77.5,78.34878049,78.84390244,78.73902439,78.54634146,79.25365854,79.3,79.43902439,79.79268293,79.63658537,80.24146341,81.39756098,80.74634146,80.74634146,81.74634146,82.04634146,81.89756098,82.45365854,82.34634146,82.44878049,82.6,..
Marshall Islands,MHL,..,..,..,..,..,..,..,..,..,67.50487805,65.23902439,..,..,..,..,..,..,..,..,..,..,..,..,..,..,..,..,..,..,..,..
Mauritania,MRT,59.688,59.914,60.092,60.231,60.341,60.426,60.493,60.545,60.593,60.643,60.706,60.788,60.892,61.018,61.17,61.349,61.552,61.776,62.015,62.266,62.527,62.799,63.079,63.366,63.654,63.936,64.208,64.464,64.704,64.925,..
Mauritius,MUS,69.40487805,69.95609756,70.05853659,70.10731707,70.15853659,70.32585366,70.32292683,70.40487805,70.60731707,70.96097561,71.66341463,71.76585366,71.96585366,72.11707317,72.26585366,72.43219512,72.43219512,72.57073171,72.57073171,72.88243902,72.96731707,73.26682927,73.86341463,74.01707317,74.19439024,74.35317073,74.39487805,74.51463415,74.41634146,74.23585366,..
Mexico,MEX,70.866,71.248,71.61,71.953,72.279,72.598,72.925,73.268,73.625,73.988,74.34,74.658,74.922,75.118,75.243,75.3,75.296,75.255,75.194,75.128,75.065,75.011,74.966,74.93,74.908,74.904,74.917,74.947,74.992,75.054,..
"Micronesia, Fed. Sts.",FSM,63.605,63.715,63.814,63.901,63.978,64.049,64.121,64.202,64.298,64.413,64.55,64.71,64.888,65.08,65.282,65.489,65.697,65.901,66.099,66.29,66.471,66.646,66.817,66.986,67.152,67.315,67.471,67.618,67.755,67.883,..
Moldova,MDA,67.643,67.563,67.408,67.221,67.03,66.867,66.761,66.722,66.752,66.852,67.006,67.185,67.362,67.521,67.665,67.82,68.022,68.302,68.671,69.119,69.616,70.119,70.581,70.968,71.267,71.478,71.617,71.717,71.808,71.901,..
Monaco,MCO,..,..,..,..,..,..,..,..,..,..,..,..,..,..,..,..,..,..,..,..,..,..,..,..,..,..,..,..,..,..,..
Mongolia,MNG,60.268,60.486,60.67,60.841,61.015,61.211,61.447,61.73,62.063,62.446,62.869,63.319,63.777,64.23,64.671,65.103,65.538,65.985,66.447,66.916,67.38,67.818,68.217,68.566,68.863,69.111,69.321,69.509,69.689,69.87,..
Montenegro,MNE,74.627,74.669,74.634,74.519,74.334,74.099,73.845,73.607,73.416,73.287,73.228,73.233,73.285,73.37,73.486,73.642,73.85,74.115,74.43,74.784,75.151,75.505,75.823,76.089,76.297,76.452,76.568,76.667,76.77,76.884,..
Morocco,MAR,64.732,65.251,65.715,66.128,66.501,66.846,67.175,67.508,67.86,68.245,68.684,69.193,69.769,70.399,71.067,71.746,72.403,73.009,73.546,74.003,74.382,74.696,74.97,75.227,75.477,75.726,75.974,76.218,76.453,76.68,..
Mozambique,MOZ,45.261,45.647,46.033,46.41,46.772,47.123,47.47,47.826,48.194,48.572,48.946,49.295,49.61,49.889,50.143,50.387,50.641,50.934,51.292,51.738,52.31,53.043,53.931,54.949,56.062,57.206,58.309,59.309,60.163,60.854,..
Myanmar,MMR,56.849,57.18,57.504,57.823,58.141,58.46,58.78,59.101,59.422,59.744,60.063,60.377,60.685,60.989,61.294,61.607,61.938,62.294,62.678,63.089,63.525,63.983,64.453,64.921,65.378,65.81,66.205,66.558,66.867,67.134,..
Namibia,NAM,61.608,61.531,61.165,60.516,59.609,58.479,57.179,55.806,54.462,53.231,52.192,51.399,50.862,50.589,50.6,50.931,51.609,52.593,53.817,55.207,56.665,58.085,59.387,60.513,61.425,62.119,62.625,63.021,63.373,63.708,..
Nauru,NRU,..,..,..,..,..,..,..,..,..,..,..,..,..,..,..,..,..,..,..,..,..,..,..,..,..,..,..,..,..,..,..
Nepal,NPL,54.404,55.262,56.118,56.964,57.793,58.6,59.383,60.144,60.884,61.6,62.288,62.945,63.57,64.165,64.729,65.264,65.773,66.26,66.727,67.178,67.611,68.028,68.426,68.806,69.168,69.515,69.848,70.169,70.478,70.778,..
Netherlands,NLD,76.87804878,77,77.21707317,76.91658537,77.37512195,77.40463415,77.43560976,77.79439024,77.88292683,77.83658537,77.98780488,78.1902439,78.29268293,78.49268293,79.09512195,79.34634146,79.69756098,80.09756098,80.25121951,80.54878049,80.70243902,81.20487805,81.10487805,81.30487805,81.70731707,81.5097561,81.56097561,81.76097561,81.81219512,82.01219512,..
New Caledonia,NCL,70.48536585,70.35853659,71.61463415,71.65609756,70.67317073,72.0097561,71.99756098,71.73902439,74.37560976,73.87560976,75.16341463,74.83170732,75.10243902,75.27073171,75.47073171,75.72195122,76.07560976,76.47804878,76.6804878,76.9804878,77.2804878,76.63170732,77.07804878,77.17804878,77.23658537,77.2804878,76.93170732,77.53902439,77.43414634,77.63414634,..
New Zealand,NZL,75.37804878,76.03170732,76.12439024,76.43414634,76.88292683,76.73414634,76.78780488,77.33414634,78.08536585,77.8902439,78.63658537,78.69268293,78.84634146,79.14634146,79.54878049,79.85121951,80.04878049,80.15121951,80.35121951,80.70243902,80.70243902,80.90487805,81.15609756,81.40731707,81.40487805,81.45682927,81.61243902,81.65853659,81.85853659,81.70731707,..
Nicaragua,NIC,64.293,65.011,65.683,66.297,66.849,67.344,67.798,68.234,68.667,69.1,69.527,69.934,70.308,70.64,70.933,71.195,71.436,71.673,71.915,72.167,72.428,72.692,72.951,73.197,73.429,73.649,73.86,74.068,74.275,74.485,..
Niger,NER,43.538,44.103,44.703,45.33,45.979,46.641,47.307,47.97,48.627,49.279,49.928,50.584,51.256,51.95,52.668,53.411,54.18,54.968,55.764,56.557,57.333,58.081,58.79,59.455,60.07,60.631,61.137,61.599,62.024,62.42,..
Nigeria,NGA,45.9,45.875,45.857,45.845,45.843,45.854,45.88,45.923,45.994,46.103,46.267,46.51,46.835,47.242,47.72,48.252,48.812,49.373,49.913,50.422,50.896,51.346,51.786,52.228,52.672,53.112,53.541,53.95,54.332,54.687,..
North Macedonia,MKD,71.152,71.331,71.502,71.68,71.871,72.08,72.309,72.55,72.795,73.038,73.267,73.47,73.642,73.781,73.892,73.986,74.08,74.19,74.324,74.484,74.662,74.846,75.019,75.171,75.299,75.406,75.498,75.589,75.688,75.797,..
Northern Mariana Islands,MNP,..,..,..,..,..,..,..,..,..,..,..,..,..,..,..,..,..,..,..,..,..,..,..,..,..,..,..,..,..,..,..
Norway,NOR,76.53731707,76.98073171,77.18439024,77.15170732,77.6897561,77.73658537,78.1504878,78.14268293,78.32926829,78.28292683,78.63414634,78.78536585,78.98780488,79.3902439,79.84146341,80.04146341,80.34390244,80.39512195,80.59268293,80.79512195,80.99756098,81.29512195,81.45121951,81.75121951,82.1,82.30487805,82.40731707,82.6097561,82.75853659,82.90731707,..
Oman,OMN,67.18,67.739,68.273,68.786,69.283,69.77,70.25,70.726,71.197,71.664,72.126,72.58,73.022,73.447,73.851,74.23,74.577,74.893,75.179,75.44,75.682,75.916,76.149,76.388,76.634,76.887,77.142,77.393,77.633,77.861,..
Pakistan,PAK,60.1,60.393,60.68,60.96,61.235,61.505,61.773,62.039,62.303,62.564,62.82,63.066,63.3,63.522,63.736,63.951,64.176,64.42,64.685,64.969,65.264,65.562,65.849,66.117,66.36,66.577,66.77,66.947,67.114,67.273,..
Palau,PLW,69.06926829,..,..,..,..,71.84463415,..,..,..,..,70.49365854,..,..,..,..,69.12926829,..,..,..,..,..,..,..,..,..,..,..,..,..,..,..
Panama,PAN,72.982,73.212,73.439,73.661,73.879,74.092,74.3,74.5,74.694,74.881,75.06,75.233,75.401,75.565,75.728,75.892,76.06,76.234,76.414,76.6,76.792,76.989,77.188,77.386,77.583,77.776,77.964,78.149,78.329,78.506,..
Papua New Guinea,PNG,56.492,56.823,57.152,57.473,57.781,58.073,58.344,58.594,58.828,59.049,59.265,59.487,59.722,59.974,60.245,60.534,60.836,61.141,61.442,61.739,62.029,62.316,62.604,62.892,63.181,63.466,63.744,64.01,64.263,64.501,..
Paraguay,PRY,68.545,68.753,68.958,69.152,69.335,69.511,69.69,69.88,70.087,70.31,70.546,70.786,71.023,71.249,71.464,71.667,71.862,72.055,72.251,72.45,72.653,72.86,73.068,73.274,73.473,73.662,73.836,73.992,74.131,74.254,..
Peru,PER,66.165,66.757,67.33,67.88,68.405,68.903,69.378,69.834,70.274,70.7,71.111,71.505,71.882,72.24,72.581,72.908,73.222,73.528,73.826,74.12,74.41,74.697,74.981,75.258,75.529,75.792,76.044,76.286,76.516,76.736,..
Philippines,PHL,66.366,66.811,67.239,67.628,67.962,68.231,68.431,68.574,68.675,68.744,68.793,68.835,68.88,68.937,69.013,69.112,69.233,69.37,69.515,69.667,69.823,69.984,70.149,70.315,70.481,70.644,70.802,70.952,71.095,71.231,..
Poland,POL,70.8902439,70.58780488,71.0902439,71.59512195,71.69512195,71.89268293,72.24634146,72.64634146,72.99756098,73.04390244,73.74878049,74.2,74.49756098,74.59756098,74.84634146,74.99512195,75.14390244,75.24390244,75.54390244,75.69512195,76.24634146,76.69512195,76.74634146,77,77.60243902,77.45121951,77.85121951,77.75365854,77.60243902,77.85609756,..
Portugal,PRT,73.96585366,74.01463415,74.31219512,74.51219512,74.91463415,75.31219512,75.26097561,75.41219512,75.71219512,75.96341463,76.31463415,76.81463415,77.06585366,77.2195122,77.67073171,78.07073171,78.4195122,78.32195122,78.52439024,78.72682927,79.02682927,80.47073171,80.37317073,80.72195122,81.12195122,81.12439024,81.12439024,81.42439024,81.32439024,80.68292683,..
Puerto Rico,PRI,74.16917073,74.03880488,73.94636585,73.92087805,73.97690244,74.12456098,74.36146341,74.66404878,75.00729268,75.3754878,76.68926829,77.06682927,77.7604878,78.07121951,78.17585366,78.29609756,78.41634146,78.42585366,77.96292683,78.191,78.41909756,78.64065854,78.84758537,79.03434146,79.20246341,79.3534878,79.49497561,79.63453659,79.77819512,79.9285122,..
Qatar,QAT,75.824,76.041,76.241,76.427,76.599,76.759,76.909,77.052,77.19,77.327,77.467,77.612,77.762,77.919,78.083,78.252,78.425,78.601,78.775,78.945,79.108,79.26,79.399,79.527,79.646,79.758,79.868,79.981,80.1,80.227,..
Romania,ROU,69.74121951,69.78439024,69.78439024,69.56341463,69.5097561,69.45609756,69.10487805,69.00487805,69.80731707,70.51219512,71.16341463,71.16097561,71.0097561,71.3097561,71.56097561,71.91219512,72.16341463,72.56585366,72.56585366,73.3097561,73.45853659,74.4097561,74.41219512,75.06341463,74.9097561,74.91219512,75.2097561,75.3097561,75.35853659,75.45853659,..
Russian Federation,RUS,68.88609756,68.47439024,66.87317073,64.93585366,64.46707317,64.69073171,65.85414634,66.69878049,67.0297561,65.98219512,65.48365854,65.38341463,65.12878049,65.02756098,65.47097561,65.5297561,66.72756098,67.58682927,67.94926829,68.68463415,68.84121951,69.68390244,70.07219512,70.57878049,70.74365854,71.18341463,71.65121951,72.45146341,72.66219512,73.08390244,..
Rwanda,RWA,33.413,29.248,26.691,26.172,27.738,31.037,35.38,39.838,43.686,46.639,48.649,49.936,50.987,52.178,53.595,55.254,57.083,58.915,60.612,62.129,63.433,64.523,65.438,66.219,66.884,67.45,67.93,68.341,68.7,69.024,..
Samoa,WSM,66.281,66.47,66.655,66.842,67.037,67.249,67.491,67.764,68.067,68.399,68.748,69.103,69.451,69.781,70.089,70.374,70.642,70.901,71.158,71.412,71.663,71.906,72.136,72.351,72.549,72.73,72.895,73.046,73.187,73.321,..
San Marino,SMR,..,..,..,..,..,..,..,..,..,..,..,..,..,..,..,..,..,..,..,..,..,..,85.41707317,..,..,..,..,..,..,..,..
Sao Tome and Principe,STP,58.247,58.188,58.212,58.318,58.511,58.795,59.172,59.631,60.159,60.742,61.365,62.017,62.687,63.359,64.02,64.659,65.27,65.854,66.412,66.938,67.43,67.885,68.306,68.695,69.052,69.377,69.67,69.933,70.17,70.385,..
Saudi Arabia,SAU,69.078,69.522,69.945,70.349,70.733,71.099,71.445,71.766,72.06,72.327,72.561,72.759,72.92,73.051,73.159,73.256,73.355,73.467,73.598,73.75,73.917,74.089,74.254,74.402,74.533,74.651,74.761,74.874,74.998,75.133,..
Senegal,SEN,57.202,57.43,57.529,57.535,57.48,57.404,57.342,57.323,57.376,57.523,57.787,58.177,58.675,59.259,59.912,60.62,61.365,62.126,62.88,63.607,64.284,64.898,65.448,65.939,66.37,66.747,67.078,67.38,67.665,67.941,..
Serbia,SRB,..,71.48780488,..,..,..,..,..,72.03902439,..,..,71.58292683,72.23414634,72.28536585,72.43658537,72.68292683,72.83414634,73.38536585,73.63170732,73.88536585,73.98536585,74.33658537,74.53658537,74.83658537,75.18536585,75.33658537,75.28780488,75.68780488,75.53902439,75.8902439,75.68536585,..
Seychelles,SYC,68.10731707,70.71219512,71.21463415,69.46829268,70.72926829,72.48292683,71.56097561,71.21219512,71.74634146,72.66829268,72.77804878,73.25365854,71.08780488,71.02926829,72.66097561,72.13170732,72.21707317,73.14390244,73.16341463,73.08292683,73.19756098,72.72439024,74.27560976,73.1195122,73.22926829,74.29512195,74.3097561,74.3,72.84146341,73.94390244,..
Sierra Leone,SLE,38.563,38.122,37.717,37.384,37.158,37.083,37.194,37.496,37.98,38.634,39.441,40.369,41.376,42.419,43.467,44.502,45.517,46.52,47.508,48.468,49.382,50.234,51.018,51.731,52.372,52.941,53.444,53.895,54.309,54.696,..
Singapore,SGP,75.29512195,75.64634146,75.94634146,76.04634146,76.19756098,76.29512195,76.59512195,76.89756098,77.3,77.55121951,77.95121951,78.25121951,78.55121951,79.03902439,79.4902439,79.9902439,80.14146341,80.44146341,80.7902439,81.24146341,81.54146341,81.74390244,81.99512195,82.24634146,82.49512195,82.74390244,82.84634146,83.09512195,83.29756098,83.49756098,..
Sint Maarten (Dutch part),SXM,..,..,..,..,..,..,..,..,..,..,..,..,..,..,..,..,..,74.54390244,74.53658537,75.58780488,..,..,73.05365854,..,77.06829268,77.2195122,78.29268293,..,..,..,..
Slovak Republic,SVK,70.93268293,70.88292683,71.79512195,72.44878049,72.3,72.25365854,72.65365854,72.70487805,72.55121951,72.90243902,73.05121951,73.40243902,73.60487805,73.60487805,73.95853659,73.90487805,74.20487805,74.20731707,74.70487805,74.9097561,75.11219512,75.95853659,76.1097561,76.41219512,76.81219512,76.56341463,77.16585366,77.16585366,77.26585366,77.47073171,..
Slovenia,SVN,73.20487805,73.35365854,73.30487805,73.25365854,73.40487805,73.95853659,74.45853659,74.70731707,74.80731707,75.0097561,75.41219512,75.75853659,76.00731707,76.85853659,77.20731707,77.61219512,78.08658537,78.56097561,78.76585366,78.97073171,79.42195122,79.97073171,80.12439024,80.32195122,81.07804878,80.77560976,81.17560976,81.02926829,81.37804878,81.2804878,..
Solomon Islands,SLB,64.365,64.527,64.725,64.961,65.237,65.552,65.903,66.278,66.665,67.057,67.442,67.816,68.175,68.518,68.845,69.158,69.462,69.762,70.063,70.366,70.674,70.985,71.296,71.601,71.896,72.173,72.424,72.645,72.835,72.996,..
Somalia,SOM,45.378,45.26,45.361,45.721,46.337,47.151,48.067,48.967,49.754,50.392,50.869,51.213,51.492,51.762,52.043,52.346,52.669,52.998,53.326,53.654,53.99,54.342,54.713,55.104,55.509,55.92,56.324,56.709,57.068,57.397,..
South Africa,ZAF,63.307,63.384,63.247,62.894,62.331,61.561,60.595,59.489,58.315,57.144,56.048,55.089,54.31,53.749,53.444,53.447,53.795,54.452,55.36,56.46,57.669,58.895,60.06,61.099,61.968,62.649,63.153,63.538,63.857,64.131,..
South Sudan,SSD,43.524,44.232,44.932,45.611,46.257,46.855,47.395,47.884,48.333,48.754,49.166,49.592,50.05,50.55,51.095,51.686,52.315,52.96,53.6,54.219,54.8,55.325,55.791,56.2,56.552,56.855,57.12,57.365,57.604,57.846,..
Spain,ESP,76.83756098,76.97121951,77.41,77.54658537,77.90146341,77.98073171,78.1204878,78.60414634,78.66585366,78.71707317,78.96585366,79.36829268,79.56829268,79.6195122,79.87073171,80.17073171,80.82195122,80.87317073,81.17560976,81.47560976,81.62682927,82.47560976,82.42682927,83.07804878,83.22926829,82.83170732,83.32926829,83.28292683,83.43170732,83.48536585,..
Sri Lanka,LKA,69.509,69.62,69.639,69.557,69.403,69.259,69.237,69.419,69.845,70.503,71.333,72.233,73.085,73.799,74.337,74.695,74.904,75.037,75.157,75.286,75.439,75.614,75.796,75.974,76.147,76.316,76.482,76.648,76.812,76.978,..
St. Kitts and Nevis,KNA,..,..,67.95121951,..,..,..,..,70.03634146,..,..,..,..,71.33658537,..,..,..,..,..,..,..,..,..,..,..,..,..,..,..,..,..,..
St. Lucia,LCA,71.074,71.335,71.592,71.843,72.087,72.323,72.547,72.759,72.958,73.144,73.319,73.486,73.648,73.808,73.966,74.122,74.276,74.426,74.571,74.712,74.852,74.993,75.138,75.286,75.44,75.596,75.752,75.907,76.057,76.203,..
St. Martin (French part),MAF,74.52195122,75.92439024,75.42439024,75.57317073,75.77317073,75.97317073,76.12439024,76.27317073,76.47317073,76.67317073,76.87317073,76.97317073,77.17317073,77.37317073,77.52195122,77.67317073,77.87317073,78.02195122,78.22195122,78.37317073,78.52195122,78.72195122,78.87317073,79.02195122,79.17317073,79.32195122,79.52195122,79.62195122,79.82195122,79.97317073,..
St. Vincent and the Grenadines,VCT,70.58,70.669,70.723,70.748,70.752,70.745,70.736,70.731,70.738,70.762,70.809,70.882,70.977,71.087,71.208,71.331,71.449,71.554,71.643,71.716,71.776,71.827,71.879,71.939,72.01,72.095,72.193,72.3,72.415,72.534,..
Sudan,SDN,55.5,55.687,55.899,56.14,56.41,56.709,57.032,57.374,57.73,58.096,58.472,58.859,59.258,59.67,60.092,60.525,60.969,61.422,61.879,62.33,62.764,63.171,63.542,63.875,64.169,64.429,64.663,64.881,65.095,65.311,..
Suriname,SUR,67.436,67.519,67.59,67.647,67.695,67.731,67.753,67.762,67.768,67.781,67.822,67.913,68.064,68.28,68.555,68.877,69.227,69.579,69.91,70.209,70.465,70.676,70.851,71.002,71.133,71.249,71.358,71.463,71.57,71.682,..
Sweden,SWE,77.53682927,77.66682927,77.99878049,78.0604878,78.6502439,78.7404878,78.95902439,79.19756098,79.33902439,79.44146341,79.64390244,79.79512195,79.84634146,80.09512195,80.49756098,80.54634146,80.74878049,80.9,81.1,81.35121951,81.45121951,81.80243902,81.70487805,81.95609756,82.25365854,82.20487805,82.30731707,82.4097561,82.55853659,82.95853659,..
Switzerland,CHE,77.24243902,77.51463415,77.80609756,78.08536585,78.35,78.41707317,78.89609756,79.0795122,79.32439024,79.5804878,79.6804878,80.1804878,80.38536585,80.53658537,81.08780488,81.23658537,81.4902439,81.74146341,81.99268293,82.04390244,82.24634146,82.69512195,82.69756098,82.79756098,83.19756098,82.89756098,83.60243902,83.55121951,83.75365854,83.70487805,..
Syrian Arab Republic,SYR,70.553,70.871,71.167,71.444,71.708,71.961,72.205,72.439,72.664,72.882,73.11,73.371,73.663,73.967,74.25,74.43,74.412,74.152,73.647,72.938,72.108,71.27,70.55,70.049,69.821,69.908,70.315,70.967,71.779,72.697,..
Tajikistan,TJK,58.824,58.48,58.212,58.104,58.192,58.497,59.003,59.65,60.379,61.161,61.974,62.807,63.653,64.496,65.314,66.08,66.771,67.382,67.911,68.36,68.736,69.055,69.34,69.609,69.874,70.137,70.397,70.647,70.879,71.097,..
Tanzania,TZA,50.206,49.978,49.743,49.529,49.365,49.287,49.329,49.503,49.809,50.248,50.801,51.444,52.142,52.866,53.602,54.349,55.119,55.926,56.777,57.666,58.584,59.525,60.47,61.398,62.288,63.111,63.844,64.479,65.015,65.456,..
Thailand,THA,70.248,70.3,70.281,70.239,70.202,70.191,70.215,70.267,70.348,70.463,70.623,70.832,71.089,71.389,71.728,72.099,72.499,72.916,73.341,73.766,74.184,74.593,74.992,75.378,75.747,76.091,76.403,76.683,76.931,77.15,..
Timor-Leste,TLS,48.492,49.345,50.261,51.267,52.366,53.538,54.737,55.907,57.011,58.037,59.002,59.945,60.901,61.888,62.893,63.882,64.803,65.61,66.276,66.796,67.186,67.477,67.72,67.953,68.197,68.459,68.735,69.007,69.26,69.495,..
Togo,TGO,55.887,55.872,55.734,55.485,55.147,54.757,54.36,54.001,53.722,53.547,53.491,53.554,53.71,53.938,54.234,54.602,55.052,55.581,56.178,56.818,57.468,58.092,58.661,59.16,59.58,59.927,60.22,60.489,60.76,61.042,..
Tonga,TON,68.935,69.049,69.143,69.223,69.29,69.351,69.41,69.471,69.535,69.601,69.667,69.725,69.771,69.803,69.822,69.836,69.852,69.878,69.921,69.982,70.059,70.148,70.242,70.335,70.427,70.517,70.607,70.701,70.801,70.907,..
Trinidad and Tobago,TTO,68.086,68.201,68.305,68.402,68.496,68.597,68.713,68.85,69.011,69.199,69.413,69.65,69.903,70.164,70.428,70.691,70.952,71.21,71.464,71.71,71.946,72.17,72.382,72.582,72.768,72.941,73.1,73.245,73.38,73.507,..
Tunisia,TUN,68.792,69.407,70.001,70.555,71.062,71.517,71.921,72.282,72.608,72.904,73.172,73.415,73.638,73.842,74.034,74.217,74.391,74.558,74.72,74.88,75.041,75.206,75.376,75.552,75.734,75.922,76.115,76.31,76.505,76.699,..
Turkey,TUR,64.256,64.757,65.275,65.815,66.377,66.963,67.57,68.189,68.807,69.417,70.005,70.56,71.078,71.559,72.004,72.424,72.83,73.235,73.649,74.074,74.507,74.944,75.373,75.784,76.172,76.532,76.86,77.161,77.437,77.691,..
Turkmenistan,TKM,62.81,62.784,62.761,62.758,62.786,62.851,62.953,63.084,63.237,63.413,63.613,63.842,64.101,64.386,64.693,65.017,65.354,65.695,66.031,66.355,66.657,66.928,67.167,67.375,67.552,67.704,67.835,67.956,68.073,68.191,..
Turks and Caicos Islands,TCA,..,..,..,..,..,..,..,..,..,..,..,..,..,..,..,..,..,..,..,..,..,..,..,..,..,..,..,..,..,..,..
Tuvalu,TUV,..,..,..,..,..,..,..,..,..,..,..,..,..,..,..,..,..,..,..,..,..,..,..,..,..,..,..,..,..,..,..
Uganda,UGA,45.853,45.252,44.715,44.272,43.961,43.824,43.899,44.19,44.685,45.373,46.229,47.22,48.299,49.421,50.554,51.676,52.784,53.887,54.984,56.06,57.099,58.087,59.017,59.881,60.669,61.373,61.986,62.516,62.973,63.368,..
Ukraine,UKR,70.09756098,69.29804878,68.77097561,68.13073171,67.54121951,66.74195122,67.02243902,67.57634146,68.37487805,67.98097561,67.67560976,67.83707317,68.27560976,68.21073171,68.18536585,67.95682927,68.07756098,68.22219512,68.25146341,69.19,70.26536585,70.80926829,70.94414634,71.1595122,71.18658537,71.1895122,71.47634146,71.78097561,71.58268293,71.82731707,..
United Arab Emirates,ARE,71.939,72.208,72.466,72.715,72.957,73.194,73.428,73.657,73.883,74.106,74.327,74.544,74.758,74.968,75.174,75.376,75.573,75.767,75.957,76.145,76.332,76.521,76.711,76.903,77.095,77.285,77.47,77.647,77.814,77.972,..
United Kingdom,GBR,75.8804878,76.08292683,76.43414634,76.38536585,76.88536585,76.83658537,77.08780488,77.21097561,77.1902439,77.3902439,77.74146341,77.99268293,78.14390244,78.44634146,78.74634146,79.04878049,79.24878049,79.44878049,79.6,80.05121951,80.40243902,80.95121951,80.90487805,81.00487805,81.30487805,80.95609756,81.15609756,81.25609756,81.25609756,81.20487805,..
United States,USA,75.21463415,75.36585366,75.61707317,75.4195122,75.6195122,75.62195122,76.02682927,76.42926829,76.5804878,76.58292683,76.63658537,76.83658537,76.93658537,77.03658537,77.48780488,77.48780488,77.68780488,77.98780488,78.03902439,78.3902439,78.54146341,78.64146341,78.74146341,78.74146341,78.84146341,78.6902439,78.53902439,78.53902439,78.63902439,78.78780488,..
Uruguay,URY,72.569,72.757,72.955,73.166,73.388,73.62,73.854,74.086,74.309,74.523,74.731,74.939,75.152,75.373,75.599,75.826,76.046,76.251,76.437,76.603,76.75,76.882,77.004,77.124,77.244,77.369,77.498,77.632,77.77,77.911,..
Uzbekistan,UZB,66.481,66.424,66.368,66.336,66.343,66.396,66.494,66.626,66.782,66.959,67.156,67.374,67.613,67.868,68.135,68.407,68.676,68.939,69.193,69.435,69.672,69.91,70.155,70.41,70.671,70.928,71.171,71.388,71.573,71.725,..
Vanuatu,VUT,64.721,65.047,65.349,65.633,65.903,66.162,66.414,66.66,66.899,67.134,67.363,67.583,67.793,67.99,68.176,68.35,68.515,68.672,68.824,68.974,69.123,69.272,69.421,69.57,69.719,69.869,70.021,70.172,70.323,70.474,..
"Venezuela, RB",VEN,70.658,70.811,70.951,71.079,71.2,71.321,71.451,71.596,71.756,71.93,72.112,72.294,72.466,72.618,72.746,72.852,72.938,73.01,73.071,73.116,73.134,73.11,73.037,72.918,72.762,72.584,72.405,72.246,72.128,72.064,..
Vietnam,VNM,70.551,70.842,71.124,71.399,71.666,71.923,72.168,72.399,72.617,72.824,73.025,73.228,73.438,73.654,73.875,74.092,74.295,74.474,74.625,74.745,74.837,74.904,74.958,75.006,75.056,75.11,75.172,75.241,75.317,75.4,..
Virgin Islands (U.S.),VIR,74.23585366,74.49195122,74.74704878,75.00265854,75.25729268,75.50992683,75.75902439,76.00253659,76.23697561,76.46185366,76.6195122,77.62195122,77.52195122,77.52195122,77.77317073,77.42195122,78.32439024,76.86341463,77.16341463,77.51463415,77.86585366,78.31707317,78.51707317,78.71707317,78.86829268,79.01707317,79.16829268,79.36829268,79.5195122,79.66829268,..
West Bank and Gaza,PSE,68.048,68.433,68.795,69.135,69.455,69.757,70.041,70.309,70.56,70.797,71.022,71.239,71.447,71.648,71.842,72.028,72.203,72.366,72.517,72.656,72.788,72.915,73.041,73.17,73.303,73.442,73.589,73.74,73.895,74.053,..
"Yemen, Rep.",YEM,57.346,57.73,58.047,58.318,58.566,58.817,59.096,59.415,59.782,60.204,60.683,61.216,61.781,62.358,62.931,63.481,63.997,64.47,64.892,65.255,65.549,65.768,65.92,66.016,66.066,66.085,66.087,66.086,66.096,66.125,..
Zambia,ZMB,49.249,48.125,46.987,45.919,44.983,44.242,43.735,43.461,43.413,43.594,44,44.615,45.4,46.322,47.354,48.496,49.757,51.134,52.606,54.13,55.655,57.126,58.502,59.746,60.831,61.737,62.464,63.043,63.51,63.886,..
Zimbabwe,ZWE,58.1,56.749,55.243,53.653,52.044,50.48,49.009,47.661,46.466,45.461,44.649,44.01,43.523,43.195,43.065,43.241,43.853,44.947,46.504,48.449,50.64,52.896,55.032,56.897,58.41,59.534,60.294,60.812,61.195,61.49,..
Africa Eastern and Southern,AFE,51.1541131,51.04841383,50.95726212,50.8902461,50.84186496,50.8084844,50.79615697,50.82061357,50.89760718,51.04419133,51.27612888,51.60645828,52.04314928,52.5858534,53.22891347,53.96655013,54.79170665,55.6823435,56.60979892,57.54877186,58.47069668,59.35359492,60.18556105,60.95336296,61.64736659,62.25928837,62.78768149,63.24626353,63.64898804,64.00519747,..
Africa Western and Central,AFW,48.8169994,48.88593428,48.92341607,48.93370775,48.92550535,48.90993678,48.89987529,48.90912995,48.95533902,49.05263892,49.21971381,49.4751356,49.81692863,50.23943237,50.73341665,51.28348666,51.86820257,52.46395756,53.0495004,53.61208951,54.14430671,54.64999813,55.13894432,55.61898641,56.08826904,56.54200914,56.97476115,57.3823627,57.76234679,58.11572272,..
Arab World,ARB,64.35157729,64.73634052,65.04385274,65.41490707,65.78565317,66.19610005,66.554103,66.89714478,67.21809146,67.517689,67.80059145,68.07251864,68.34024632,68.61050561,68.88618776,69.16468296,69.43945938,69.70155529,69.94217387,70.15756008,70.34991642,70.52876168,70.7037978,70.8822177,71.06426877,71.24957097,71.43654717,71.62267043,71.80707511,71.98970937,..
Caribbean small states,CSS,70.19762945,70.39400583,70.58807357,70.71254412,70.83448841,70.93751467,71.02898551,71.1637653,71.21031083,71.31027893,71.41917942,71.53799942,71.71336257,71.79199379,71.923541,72.05570873,72.18703608,72.31605654,72.4407885,72.56174942,72.67940423,72.79529509,72.91180938,73.03013854,73.15059179,73.2730249,73.39595799,73.51748995,73.63710628,73.75473231,..
Central Europe and the Baltics,CEB,70.65633134,70.5752213,70.73283713,70.84598662,70.86954394,71.02542143,71.33605802,71.51725807,71.89823768,72.18456107,72.71972472,73.09614819,73.24241549,73.38225278,73.73043493,73.84499514,74.09260273,74.25064872,74.57595268,74.93036393,75.29396578,75.88847488,75.9934886,76.35516299,76.67562361,76.57187776,76.96981142,76.94744264,76.97682268,77.14410292,..
Early-demographic dividend,EAR,60.49126279,60.92843936,61.36292616,61.7947182,62.21500072,62.61931898,63.0057222,63.37328621,63.72612031,64.06879148,64.40307724,64.73386604,65.0651669,65.40225897,65.74821736,66.10620881,66.48034464,66.86664715,67.26249961,67.66168986,68.05602104,68.43890413,68.80320526,69.1451634,69.46091897,69.74850623,70.01123507,70.2542347,70.48323834,70.70120132,..
East Asia & Pacific,EAS,68.92722262,69.09758693,69.24627377,69.41880344,69.61835012,69.79646699,70.06449976,70.32575167,70.5848518,70.85517128,71.17191877,71.48171716,71.77476486,72.06752825,72.36114457,72.62462075,72.9216443,73.20093388,73.4698955,73.75912516,74.01299917,74.26594882,74.56212909,74.84821672,75.12518901,75.39259466,75.63558325,75.86603308,76.06886392,76.26243391,..
East Asia & Pacific (excluding high income),EAP,67.88613844,68.04362509,68.20324328,68.37449277,68.56247875,68.77409377,69.01087448,69.27021865,69.54577635,69.83606727,70.13617325,70.44228545,70.74836533,71.05126632,71.34881739,71.64072952,71.92756969,72.21234651,72.49664016,72.78072417,73.06626429,73.35512056,73.64529838,73.93437855,74.22047338,74.49622774,74.75561089,74.99494391,75.21050112,75.40250587,..
East Asia & Pacific (IDA & IBRD countries),TEA,67.8604139,68.02011516,68.1867042,68.36976537,68.57361678,68.80296307,69.05616313,69.32804912,69.61058248,69.90201576,70.19841517,70.49794359,70.79723064,71.09519763,71.3903258,71.68224162,71.97078284,72.2573864,72.54253415,72.82629571,73.11046429,73.3973078,73.68548502,73.97309952,74.25837169,74.53395225,74.79361106,75.0333507,75.24921745,75.44133627,..
Euro area,EMU,75.91180793,76.02616244,76.38125681,76.48795159,76.79627393,76.95586062,77.21844944,77.58153598,77.79717886,78.0212365,78.27507038,78.59711255,78.68446787,78.70717949,79.27870164,79.42628302,79.8561324,80.09988192,80.30291579,80.50518151,80.74678096,81.23282485,81.22715818,81.51232872,81.9429827,81.5692291,81.95454532,81.93231636,82.0598817,82.03854822,..
Europe & Central Asia,ECS,72.04945555,71.97959823,71.86397577,71.52110793,71.60006035,71.68063826,72.11524562,72.53165455,72.85293451,72.87508354,73.02937654,73.29341895,73.40800271,73.51599248,73.95912136,74.12110113,74.61886358,74.97698178,75.24343241,75.6430448,75.94401852,76.4599787,76.6233616,76.9556184,77.28278569,77.24067802,77.5955353,77.78843132,77.91015258,78.03128034,..
Europe & Central Asia (excluding high income),ECA,68.18032848,67.98074987,67.2387997,66.32487313,66.1036111,66.11231996,66.71447809,67.34365849,67.70727538,67.49924181,67.55779547,67.69915597,67.78110673,67.90584809,68.25261285,68.38942279,69.01877997,69.53270624,69.84921827,70.46219966,70.79417891,71.36997055,71.73476082,72.17342436,72.39365767,72.70711506,73.06201085,73.50941417,73.67542874,73.93540012,..
Europe & Central Asia (IDA & IBRD countries),TEC,68.47183524,68.25888907,67.63101432,66.85823003,66.67210213,66.70055709,67.27583474,67.86914045,68.23503085,68.05543369,68.1571717,68.33977651,68.44220458,68.56191082,68.90476245,69.03776159,69.62345858,70.09352938,70.40605932,70.97351247,71.32053833,71.88014587,72.21330724,72.63095661,72.88173241,73.14800622,73.50744917,73.90106572,74.0394738,74.29803698,..
European Union,EUU,74.7306625,74.81690015,75.13184321,75.26122166,75.52910362,75.67686843,75.92796867,76.24551915,76.51451716,76.74858194,77.0784478,77.42548338,77.53272154,77.59066196,78.1157576,78.27264114,78.66892325,78.90203604,79.12549885,79.35722831,79.62942605,80.13777291,80.15688817,80.46374092,80.87044756,80.56680714,80.94986464,80.93083864,81.03490546,81.06384682,..
Fragile and conflict affected situations,FCS,52.67947272,52.84098901,52.98600328,53.12523558,53.26698484,53.41824071,53.58502051,53.77128128,53.97811928,54.21627858,54.49780062,54.8302065,55.21199109,55.63842435,56.10280396,56.5966202,57.11004197,57.6301199,58.14518313,58.64454018,59.12058102,59.57662201,60.01624452,60.44007285,60.84346476,61.22104656,61.57030792,61.892848,62.19424904,62.48008834,..
Heavily indebted poor countries (HIPC),HPC,49.93684831,50.01768733,50.13036459,50.28053801,50.45924323,50.66226985,50.89472214,51.16403683,51.47749269,51.84219216,52.26410061,52.74934234,53.29664728,53.90032259,54.5520779,55.24228463,55.96161697,56.69696411,57.43356861,58.15822389,58.85894745,59.52887102,60.16656535,60.77033533,61.33431413,61.85295289,62.32328464,62.74867177,63.13499116,63.48645533,..
High income,HIC,75.42823488,75.60293479,75.86404838,75.93920415,76.21968046,76.28550749,76.65692833,76.990857,77.17261878,77.31647249,77.59380137,77.8955535,78.03379056,78.16090897,78.57473342,78.67339638,78.98345688,79.21851477,79.36598888,79.64658691,79.82621319,80.06776615,80.18677394,80.36478186,80.62339128,80.49851928,80.64386433,80.68436436,80.78733976,80.88736686,..
IBRD only,IBD,65.42952682,65.67127348,65.85186724,66.02417192,66.2682262,66.53929782,66.87267383,67.21096099,67.52044439,67.77014615,68.05279988,68.34253309,68.62365833,68.90498179,69.20975702,69.49575494,69.83303198,70.16360358,70.4833814,70.83252216,71.16154065,71.50942365,71.82726387,72.14220282,72.42729011,72.69619558,72.95509526,73.20066055,73.405003,73.60672776,..
IDA & IBRD total,IBT,63.14700355,63.3574784,63.51046933,63.66231253,63.8743504,64.11160518,64.40281108,64.70530268,64.98045142,65.21839875,65.49050578,65.77258118,66.0563861,66.35003374,66.67064009,66.9841648,67.34309408,67.70021694,68.04949523,68.41907615,68.7681399,69.1268154,69.45797859,69.78232002,70.07865467,70.35621205,70.6189889,70.86448792,71.07188358,71.27078068,..
IDA blend,IDB,55.01988204,55.00931873,54.98689414,54.9456636,54.90935476,54.88442815,54.88165486,54.90899442,54.95880885,55.04928879,55.19353906,55.39921755,55.67027371,55.99178942,56.37096256,56.79777194,57.26156366,57.74881487,58.24290389,58.73064721,59.20835377,59.66462167,60.09325422,60.50417686,60.89369396,61.25627871,61.58796584,61.8891292,62.16186739,62.40899722,..
IDA only,IDX,52.96972745,53.22280033,53.4942192,53.78934224,54.10551634,54.44662332,54.81152281,55.1892793,55.57932575,55.99687799,56.42591493,56.88471824,57.37109348,57.89454677,58.44586124,59.01959152,59.60906289,60.20615863,60.79641651,61.36779782,61.90905118,62.42255008,62.91158488,63.37674492,63.81780447,64.23192906,64.61689789,64.97338955,65.30456203,65.61334387,..
IDA total,IDA,53.65478641,53.8197348,53.99285715,54.17534202,54.37370193,54.59264156,54.83491708,55.09572513,55.3721091,55.68036017,56.01427659,56.38874243,56.80357121,57.2602471,57.75465066,58.27971638,58.82737849,59.38766879,59.94540415,60.48822214,61.00702034,61.50004542,61.96788628,62.41385382,62.83665693,63.23268056,63.59918453,63.93676168,64.24817977,64.53630894,..
Late-demographic dividend,LTE,69.06436512,69.15442278,69.15326449,69.13243591,69.25052785,69.45195505,69.76808099,70.09289357,70.39213861,70.61980273,70.90347725,71.2118507,71.49968247,71.79174156,72.11890428,72.40187218,72.75648176,73.08178549,73.37756343,73.70307665,73.98341298,74.31732534,74.60918305,74.91808628,75.19808018,75.47097315,75.74643497,76.01544259,76.22478353,76.43411323,..
Latin America & Caribbean,LCN,68.31372589,68.66521467,69.01387331,69.35812021,69.6989352,70.03638967,70.37227939,70.70664293,71.0367773,71.36264785,71.68738957,71.99312403,72.28763379,72.56226154,72.8191972,73.06052666,73.28745866,73.50178524,73.70415657,73.9041865,74.09722025,74.28311752,74.46145444,74.63279792,74.7990465,74.96168764,75.12202318,75.28208661,75.4408494,75.60149504,..
Latin America & Caribbean (excluding high income),LAC,67.93334844,68.30338831,68.67101267,69.03338949,69.39174609,69.74557688,70.09642889,70.44454461,70.78697903,71.12410564,71.45222166,71.76704962,72.06815787,72.35139475,72.61821842,72.86918568,73.10486464,73.32899691,73.54395204,73.75202251,73.95428629,74.15197747,74.34505753,74.53323932,74.71799683,74.89944926,75.07700747,75.25163453,75.42250137,75.59132639,..
Latin America & the Caribbean (IDA & IBRD countries),TLA,68.10041873,68.4655561,68.82637943,69.18048979,69.52901751,69.87220349,70.21226685,70.55015267,70.88358165,71.21287834,71.53435678,71.84355669,72.13921074,72.41716322,72.67840841,72.92378548,73.15408652,73.37328115,73.58362603,73.7868999,73.98334578,74.17297212,74.35526705,74.5302464,74.7001817,74.86655945,75.03055859,75.19428209,75.35732803,75.52038777,..
Least developed countries: UN classification,LDC,51.73272764,51.98598238,52.27296889,52.59672497,52.94966066,53.32466687,53.7194417,54.13220548,54.56205018,55.01043148,55.47978628,55.97573305,56.50274794,57.0610828,57.64678114,58.25570484,58.88310501,59.52027806,60.15664525,60.78301471,61.38893391,61.96741724,62.5153219,63.03046034,63.50903191,63.94777733,64.34582964,64.70786161,65.03980124,65.34542124,..
Low & middle income,LMY,63.05500442,63.27004455,63.41892274,63.56386223,63.77177176,64.00401432,64.29027145,64.58922945,64.86289137,65.10314413,65.3754761,65.65898071,65.94652428,66.24518342,66.5682183,66.88494924,67.24626158,67.60655053,67.95757759,68.33048552,68.6806223,69.0414792,69.37753829,69.70552698,70.00298999,70.28653312,70.5508693,70.80116546,71.01268733,71.21274878,..
Low income,LIC,50.61204789,50.741132,50.90299296,51.09766523,51.31130896,51.5415787,51.80153953,52.10649814,52.46657807,52.88651251,53.36597129,53.90217494,54.48660128,55.11056462,55.76631402,56.44310836,57.13229817,57.82180572,58.49541946,59.13783207,59.73973971,60.3002394,60.8265643,61.32460358,61.79459416,62.23539883,62.64587188,63.02811995,63.38749938,63.72774921,..
Lower middle income,LMC,59.33470428,59.69181267,60.04552862,60.3840461,60.71132017,61.02492214,61.35443804,61.68125191,62.00735841,62.3100784,62.61528962,62.93888156,63.27782923,63.6206849,63.97669367,64.34408993,64.73197103,65.13225968,65.53706318,65.95707682,66.37215852,66.76630503,67.13620535,67.48671794,67.81150661,68.11004773,68.38653249,68.641133,68.86963715,69.08849167,..
Middle East & North Africa,MEA,65.76998552,66.39131519,66.8867472,67.38788291,67.83172095,68.25403334,68.62672401,68.95879043,69.27532616,69.58630971,69.88725675,70.1860594,70.47001714,70.75154443,71.03757081,71.31003055,71.58493995,71.84130341,72.09133372,72.32599404,72.53918362,72.73749241,72.93166117,73.13239732,73.32643778,73.51484469,73.71077102,73.89981806,74.08883309,74.27058876,..
Middle East & North Africa (excluding high income),MNA,65.13628775,65.78211113,66.34893566,66.8547286,67.30725477,67.71427246,68.08394017,68.42513758,68.74578946,69.05320848,69.35469409,69.65395818,69.94988284,70.24135954,70.52965829,70.8130182,71.08730699,71.34764391,71.58861567,71.80985946,72.01470099,72.2108648,72.4050187,72.60231836,72.80116693,73.00029604,73.19817528,73.39421523,73.5873387,73.77758932,..
Middle East & North Africa (IDA & IBRD countries),TMN,65.11060526,65.75826982,66.32647886,66.83333461,67.28663989,67.69419343,68.06422053,68.40566182,68.72689948,69.03491367,69.3370643,69.63706362,69.93379489,70.22611888,70.51532132,70.79963482,71.07491578,71.33624089,71.5781151,71.80020172,72.00580157,72.20270146,72.39759622,72.59565309,72.79524159,72.99505254,73.19351106,73.39007584,73.58362363,73.77423568,..
Middle income,MIC,63.96961049,64.19979378,64.36152861,64.51566247,64.73628831,64.98171037,65.28273323,65.59196182,65.87309855,66.11209752,66.37993594,66.65742032,66.93536183,67.2217862,67.53144779,67.83163413,68.17863328,68.52381045,68.85932901,69.22063429,69.55975014,69.91361603,70.24278658,70.5652928,70.85672912,71.1357672,71.39668716,71.64503353,71.85312777,72.05086524,..
North America,NAC,75.43504527,75.59061834,75.82693748,75.65853666,75.838642,75.86060025,76.24010485,76.62719351,76.78286222,76.80913164,76.88199634,77.08241004,77.18781814,77.30281077,77.72448798,77.75408225,77.94939267,78.23954847,78.3009808,78.64772827,78.80945553,78.92055891,79.03147799,79.04221001,79.13808291,79.01211433,78.8773349,78.87909246,78.98679131,79.12330258,..
Not classified,INX,..,..,..,..,..,..,..,..,..,..,..,..,..,..,..,..,..,..,..,..,..,..,..,..,..,..,..,..,..,..,..
OECD members,OED,74.54473771,74.73456311,75.01329585,75.12325219,75.41570206,75.52776801,75.89950058,76.24123775,76.4569943,76.63926132,76.92725513,77.23460023,77.39688554,77.54903408,77.94370424,78.06314654,78.34888186,78.5717356,78.71992779,78.97693251,79.14888714,79.37988541,79.49704942,79.66195229,79.91185268,79.81127706,79.96029696,80.00460552,80.10453371,80.20508989,..
Other small states,OSS,62.22330742,62.25160468,62.14035321,61.90941906,61.61198958,61.42547978,61.28386111,60.97972634,60.63376824,60.4005766,60.24525473,60.10871528,60.09956556,60.20985026,60.48642411,60.90023293,61.40859096,62.04903394,62.77964667,63.56156964,64.30884322,65.02063304,65.71946482,66.33312678,66.89119294,67.40524107,67.83560006,68.22867726,68.54681339,68.82187619,..
Pacific island small states,PSS,65.09730049,65.14505067,65.2276535,65.31503197,65.41458188,65.59631684,65.68650916,65.86789169,66.07608922,66.33964215,66.55714298,66.79805865,67.03312837,67.25015595,67.44566844,67.63693106,67.78614146,67.94835734,68.11680769,68.29563224,68.48523385,68.68298504,68.88200361,69.07737595,69.26553985,69.44447786,69.61374205,69.77428325,69.9290488,70.07973149,..
Post-demographic dividend,PST,75.47926214,75.60470972,75.80671176,75.80929501,76.05934228,76.07522806,76.43888891,76.78258302,76.99917642,77.11641209,77.35564394,77.64789127,77.78723898,77.91472665,78.34048534,78.43332159,78.75815182,79.01182061,79.15435062,79.47737457,79.68608163,79.95285005,80.08663174,80.26792128,80.52708505,80.39483192,80.54900335,80.59669243,80.69348847,80.79473361,..
Pre-demographic dividend,PRE,49.71935371,49.75580638,49.77500168,49.78742802,49.80334472,49.83519085,49.89658777,49.99897166,50.15476429,50.37559936,50.6737762,51.0589412,51.52350722,52.05507514,52.64148346,53.2699022,53.92744099,54.60056827,55.27598421,55.94318769,56.59345632,57.22415595,57.8355568,58.42601985,58.98778122,59.51195887,59.99193225,60.42745654,60.820942,61.17597806,..
Small states,SST,64.29750844,64.34688147,64.33186137,64.165038,63.9773185,63.86860333,63.77842033,63.61796628,63.34610058,63.2029907,63.1110298,63.0264499,63.08600072,63.14199661,63.35799794,63.67199261,64.04407911,64.5149047,65.05405631,65.63703532,66.2011978,66.74565822,67.28395398,67.76504462,68.20538353,68.61401559,68.96043991,69.27900489,69.5410318,69.77084699,..
South Asia,SAS,58.14480093,58.63004674,59.12313452,59.61690857,60.10686437,60.58985547,61.06099231,61.52176469,61.9697088,62.40431133,62.82398281,63.22899212,63.62377106,64.01139646,64.39518784,64.78317085,65.17993289,65.58771357,66.00524977,66.42785669,66.8487685,67.25831619,67.64633754,68.00771543,68.34020332,68.64190072,68.9161581,69.17132773,69.41226994,69.64361743,..
South Asia (IDA & IBRD),TSA,58.14480093,58.63004674,59.12313452,59.61690857,60.10686437,60.58985547,61.06099231,61.52176469,61.9697088,62.40431133,62.82398281,63.22899212,63.62377106,64.01139646,64.39518784,64.78317085,65.17993289,65.58771357,66.00524977,66.42785669,66.8487685,67.25831619,67.64633754,68.00771543,68.34020332,68.64190072,68.9161581,69.17132773,69.41226994,69.64361743,..
Sub-Saharan Africa,SSF,50.21457407,50.17994751,50.14116257,50.10569675,50.07375817,50.04762598,50.03610253,50.05418024,50.11841734,50.24477112,50.45021391,50.75002366,51.14816454,51.64212387,52.22477202,52.88642826,53.6142094,54.3854324,55.17445654,55.96111815,56.72547002,57.45600208,58.14957771,58.80138624,59.40479692,59.95283057,60.44239356,60.8800163,61.27303249,61.62744251,..
Sub-Saharan Africa (excluding high income),SSA,50.21213255,50.17718564,50.13839168,50.10316667,50.07105967,50.04472977,50.03335647,50.05152012,50.11571622,50.24198888,50.44749089,50.74734771,51.14578302,51.63989373,52.22249096,52.88432687,53.61219037,54.38344059,55.17255555,55.95935047,56.72376828,57.45450696,58.14802592,58.80002042,59.40349335,59.95148449,60.44110945,60.87879141,61.27199431,61.6263562,..
Sub-Saharan Africa (IDA & IBRD countries),TSS,50.21457407,50.17994751,50.14116257,50.10569675,50.07375817,50.04762598,50.03610253,50.05418024,50.11841734,50.24477112,50.45021391,50.75002366,51.14816454,51.64212387,52.22477202,52.88642826,53.6142094,54.3854324,55.17445654,55.96111815,56.72547002,57.45600208,58.14957771,58.80138624,59.40479692,59.95283057,60.44239356,60.8800163,61.27303249,61.62744251,..
Upper middle income,UMC,68.76053126,68.87820411,68.89599569,68.89353253,69.03648418,69.24427916,69.54996618,69.85968302,70.14256929,70.34762305,70.59657743,70.86080564,71.10839172,71.36880272,71.66304571,71.92229084,72.25858127,72.5759232,72.86469233,73.18989743,73.47072783,73.80762835,74.11667364,74.43358069,74.71144436,74.99410517,75.26263519,75.52997259,75.74112128,75.94306408,..
World,WLD,65.43292073,65.61804589,65.769659,65.88402592,66.08743355,66.27387614,66.55801327,66.84296937,67.08624391,67.29362178,67.54902793,67.82173353,68.07037328,68.32623451,68.65264378,68.92032186,69.26239879,69.59170555,69.89949278,70.2465195,70.5565916,70.883485,71.17154765,71.46266033,71.74197845,71.94747668,72.18117115,72.38592012,72.56865794,72.74168946,..
